event_id,user_id,event_type,timestamp,device,location
1,user_169,purchase,2026-02-08T06:11:54,tablet,Delhi
2,user_79,click,2026-02-04T17:32:35,mobile,Mumbai
3,user_32,logout,2026-02-08T04:57:35,desktop,Delhi
4,user_216,click,2026-02-01T12:30:45,tablet,Delhi
5,user_102,view,2026-02-03T09:02:30,desktop,Hyderabad
6,user_200,purchase,2026-02-05T19:23:23,mobile,Hyderabad
7,user_191,logout,2026-02-08T17:04:19,mobile,Mumbai
8,user_274,add_to_cart,2026-02-08T09:13:39,tablet,Hyderabad
9,user_98,purchase,2026-02-01T19:26:06,tablet,Bangalore
10,user_206,add_to_cart,2026-02-02T22:40:58,mobile,Hyderabad
11,user_73,add_to_cart,2026-02-06T04:28:51,mobile,Delhi
12,user_14,add_to_cart,2026-02-06T04:44:26,tablet,Delhi
13,user_254,add_to_cart,2026-02-03T03:43:39,mobile,Hyderabad
14,user_106,add_to_cart,2026-02-07T16:48:33,tablet,Pune
15,user_169,purchase,2026-02-03T15:09:07,mobile,Delhi
16,user_204,purchase,2026-02-08T21:44:09,tablet,Mumbai
17,user_128,purchase,2026-02-08T09:04:59,tablet,Bangalore
18,user_207,add_to_cart,2026-02-08T04:41:26,mobile,Mumbai
19,user_142,view,2026-02-04T12:03:36,tablet,Hyderabad
20,user_80,view,2026-02-02T20:11:01,desktop,Hyderabad
21,user_229,logout,2026-02-07T07:16:58,mobile,Mumbai
22,user_269,view,2026-02-05T09:47:59,tablet,Mumbai
23,user_295,view,2026-02-08T02:37:39,mobile,Mumbai
24,user_38,click,2026-02-06T16:46:31,tablet,Bangalore
25,user_158,logout,2026-02-03T14:23:14,tablet,Delhi
26,user_22,view,2026-02-07T23:27:26,mobile,Pune
27,user_79,add_to_cart,2026-02-02T05:10:08,tablet,Delhi
28,user_17,logout,2026-02-03T18:07:21,desktop,Mumbai
29,user_1,click,2026-02-06T14:01:16,desktop,Delhi
30,user_233,logout,2026-02-04T22:11:32,desktop,Mumbai
31,user_91,logout,2026-02-08T20:23:36,tablet,Mumbai
32,user_151,add_to_cart,2026-02-04T13:04:17,desktop,Mumbai
33,user_90,add_to_cart,2026-02-08T16:44:45,tablet,Bangalore
34,user_105,view,2026-02-05T16:25:59,mobile,Bangalore
35,user_187,purchase,2026-02-07T00:13:41,desktop,Bangalore
36,user_112,click,2026-02-07T17:02:01,tablet,Hyderabad
37,user_17,logout,2026-02-08T23:49:53,mobile,Bangalore
38,user_273,logout,2026-02-01T03:47:54,desktop,Bangalore
39,user_259,add_to_cart,2026-02-04T03:12:17,tablet,Hyderabad
40,user_228,click,2026-02-03T09:42:50,tablet,Bangalore
41,user_12,click,2026-02-07T07:11:37,mobile,Hyderabad
42,user_261,purchase,2026-02-03T05:44:57,tablet,Mumbai
43,user_178,click,2026-02-04T04:27:13,mobile,Delhi
44,user_225,purchase,2026-02-03T06:18:52,desktop,Bangalore
45,user_118,view,2026-02-04T17:42:15,desktop,Pune
46,user_238,add_to_cart,2026-02-05T00:02:42,mobile,Bangalore
47,user_100,add_to_cart,2026-02-08T01:38:11,mobile,Hyderabad
48,user_95,purchase,2026-02-04T01:28:08,tablet,Pune
49,user_167,logout,2026-02-07T17:51:05,tablet,Hyderabad
50,user_197,purchase,2026-02-02T17:37:16,desktop,Hyderabad
51,user_5,logout,2026-02-03T21:36:06,desktop,Mumbai
52,user_5,view,2026-02-07T21:29:37,mobile,Bangalore
53,user_87,view,2026-02-01T08:10:41,tablet,Pune
54,user_154,logout,2026-02-06T07:39:07,tablet,Delhi
55,user_260,view,2026-02-05T22:44:38,desktop,Hyderabad
56,user_214,logout,2026-02-02T03:06:17,tablet,Hyderabad
57,user_166,click,2026-02-07T19:20:53,desktop,Pune
58,user_21,logout,2026-02-06T13:52:32,desktop,Delhi
59,user_268,click,2026-02-04T13:43:04,desktop,Bangalore
60,user_43,add_to_cart,2026-02-01T15:03:50,desktop,Mumbai
61,user_289,click,2026-02-06T08:49:15,mobile,Hyderabad
62,user_70,logout,2026-02-01T02:00:13,mobile,Bangalore
63,user_189,logout,2026-02-06T23:35:36,tablet,Mumbai
64,user_54,click,2026-02-02T09:37:56,desktop,Delhi
65,user_205,add_to_cart,2026-02-02T19:43:23,desktop,Bangalore
66,user_142,logout,2026-02-07T03:11:24,mobile,Pune
67,user_29,logout,2026-02-04T11:00:38,tablet,Bangalore
68,user_197,logout,2026-02-06T20:27:18,mobile,Mumbai
69,user_38,click,2026-02-05T03:54:26,desktop,Hyderabad
70,user_147,add_to_cart,2026-02-02T07:40:21,desktop,Hyderabad
71,user_234,click,2026-02-03T03:31:43,desktop,Pune
72,user_253,view,2026-02-04T08:38:18,mobile,Hyderabad
73,user_222,logout,2026-02-04T17:54:58,tablet,Hyderabad
74,user_119,add_to_cart,2026-02-07T20:59:47,tablet,Mumbai
75,user_212,view,2026-02-06T07:10:40,desktop,Hyderabad
76,user_276,purchase,2026-02-08T15:19:25,tablet,Mumbai
77,user_267,purchase,2026-02-05T21:45:26,mobile,Hyderabad
78,user_159,view,2026-02-03T15:47:08,mobile,Pune
79,user_125,purchase,2026-02-07T06:44:34,mobile,Mumbai
80,user_199,logout,2026-02-07T05:43:44,mobile,Mumbai
81,user_206,view,2026-02-07T00:44:28,mobile,Pune
82,user_263,purchase,2026-02-08T19:15:51,desktop,Mumbai
83,user_178,click,2026-02-01T21:03:30,mobile,Mumbai
84,user_150,view,2026-02-02T10:54:24,tablet,Hyderabad
85,user_289,click,2026-02-04T08:21:27,mobile,Bangalore
86,user_251,add_to_cart,2026-02-05T11:46:43,tablet,Hyderabad
87,user_295,purchase,2026-02-04T15:31:50,desktop,Pune
88,user_103,click,2026-02-04T00:36:34,mobile,Mumbai
89,user_214,logout,2026-02-02T17:42:08,mobile,Delhi
90,user_105,purchase,2026-02-08T23:29:37,tablet,Mumbai
91,user_132,view,2026-02-06T12:12:44,mobile,Pune
92,user_235,view,2026-02-05T23:05:11,desktop,Delhi
93,user_24,purchase,2026-02-05T00:30:40,mobile,Mumbai
94,user_130,add_to_cart,2026-02-02T12:54:54,tablet,Bangalore
95,user_279,add_to_cart,2026-02-01T07:02:55,mobile,Pune
96,user_9,add_to_cart,2026-02-06T05:58:44,mobile,Bangalore
97,user_269,purchase,2026-02-02T07:04:40,tablet,Mumbai
98,user_172,logout,2026-02-02T12:17:16,mobile,Hyderabad
99,user_2,logout,2026-02-02T09:41:58,desktop,Bangalore
100,user_27,logout,2026-02-07T16:14:57,desktop,Pune
101,user_266,view,2026-02-07T07:42:33,mobile,Bangalore
102,user_16,purchase,2026-02-02T23:06:48,desktop,Bangalore
103,user_6,click,2026-02-05T19:41:05,mobile,Bangalore
104,user_290,purchase,2026-02-07T18:23:17,desktop,Pune
105,user_132,purchase,2026-02-01T06:01:31,mobile,Hyderabad
106,user_224,add_to_cart,2026-02-02T09:19:54,desktop,Mumbai
107,user_14,logout,2026-02-07T06:36:40,tablet,Mumbai
108,user_9,purchase,2026-02-03T05:00:29,mobile,Delhi
109,user_203,click,2026-02-08T10:57:48,tablet,Mumbai
110,user_195,view,2026-02-06T06:04:50,desktop,Delhi
111,user_108,add_to_cart,2026-02-08T18:01:02,mobile,Bangalore
112,user_283,logout,2026-02-06T19:29:38,tablet,Pune
113,user_221,add_to_cart,2026-02-04T06:40:32,mobile,Delhi
114,user_240,click,2026-02-08T11:49:11,mobile,Delhi
115,user_10,add_to_cart,2026-02-01T01:33:05,mobile,Delhi
116,user_99,purchase,2026-02-04T07:18:14,desktop,Delhi
117,user_221,add_to_cart,2026-02-07T05:53:21,desktop,Delhi
118,user_263,logout,2026-02-03T05:55:10,tablet,Hyderabad
119,user_157,click,2026-02-08T10:41:20,tablet,Delhi
120,user_195,logout,2026-02-03T13:20:44,desktop,Pune
121,user_294,click,2026-02-04T18:11:00,mobile,Delhi
122,user_97,view,2026-02-02T04:22:20,mobile,Pune
123,user_127,click,2026-02-08T10:47:34,tablet,Hyderabad
124,user_101,add_to_cart,2026-02-07T01:32:25,tablet,Pune
125,user_261,view,2026-02-04T21:13:42,tablet,Delhi
126,user_54,logout,2026-02-04T22:34:26,mobile,Bangalore
127,user_128,click,2026-02-04T12:27:51,tablet,Mumbai
128,user_57,add_to_cart,2026-02-03T13:51:57,desktop,Delhi
129,user_46,view,2026-02-01T05:33:17,mobile,Bangalore
130,user_283,purchase,2026-02-06T20:07:10,mobile,Hyderabad
131,user_8,view,2026-02-07T23:28:02,desktop,Mumbai
132,user_90,logout,2026-02-01T08:59:55,tablet,Bangalore
133,user_251,click,2026-02-04T05:40:43,mobile,Delhi
134,user_270,click,2026-02-06T05:54:12,desktop,Mumbai
135,user_84,add_to_cart,2026-02-07T15:58:17,desktop,Mumbai
136,user_114,logout,2026-02-08T04:10:53,tablet,Hyderabad
137,user_123,view,2026-02-06T19:44:07,desktop,Bangalore
138,user_232,click,2026-02-08T22:18:14,mobile,Mumbai
139,user_231,click,2026-02-02T21:05:56,tablet,Delhi
140,user_207,click,2026-02-05T06:50:06,tablet,Bangalore
141,user_158,logout,2026-02-07T18:01:47,desktop,Pune
142,user_37,logout,2026-02-07T00:02:34,desktop,Hyderabad
143,user_124,view,2026-02-08T14:17:46,tablet,Hyderabad
144,user_181,add_to_cart,2026-02-05T18:29:14,mobile,Hyderabad
145,user_283,purchase,2026-02-02T01:07:13,desktop,Hyderabad
146,user_102,logout,2026-02-05T02:21:02,tablet,Hyderabad
147,user_115,add_to_cart,2026-02-02T18:16:42,tablet,Delhi
148,user_268,add_to_cart,2026-02-07T19:23:34,tablet,Delhi
149,user_144,view,2026-02-05T00:26:15,mobile,Delhi
150,user_78,view,2026-02-04T02:43:04,tablet,Mumbai
151,user_67,add_to_cart,2026-02-01T00:13:41,desktop,Delhi
152,user_143,logout,2026-02-02T04:05:49,desktop,Delhi
153,user_39,click,2026-02-08T12:19:32,tablet,Pune
154,user_64,click,2026-02-05T01:16:39,mobile,Bangalore
155,user_203,logout,2026-02-03T17:11:23,desktop,Pune
156,user_181,view,2026-02-03T14:27:47,tablet,Pune
157,user_180,purchase,2026-02-05T19:54:22,desktop,Delhi
158,user_285,add_to_cart,2026-02-03T18:40:52,desktop,Delhi
159,user_222,add_to_cart,2026-02-06T18:15:03,mobile,Delhi
160,user_82,click,2026-02-04T08:30:29,mobile,Pune
161,user_170,view,2026-02-08T07:34:41,desktop,Bangalore
162,user_219,logout,2026-02-08T13:38:13,tablet,Mumbai
163,user_60,view,2026-02-02T09:07:23,mobile,Delhi
164,user_34,add_to_cart,2026-02-01T23:59:26,desktop,Hyderabad
165,user_140,view,2026-02-08T02:36:09,mobile,Bangalore
166,user_130,click,2026-02-04T10:19:24,mobile,Pune
167,user_242,logout,2026-02-02T11:06:57,mobile,Delhi
168,user_253,add_to_cart,2026-02-05T21:17:48,desktop,Hyderabad
169,user_246,view,2026-02-08T05:45:24,mobile,Hyderabad
170,user_111,click,2026-02-06T07:04:49,tablet,Pune
171,user_200,view,2026-02-01T21:36:03,desktop,Delhi
172,user_287,add_to_cart,2026-02-03T02:55:55,tablet,Hyderabad
173,user_17,purchase,2026-02-03T09:04:47,tablet,Bangalore
174,user_160,click,2026-02-05T13:30:04,desktop,Delhi
175,user_36,logout,2026-02-05T05:21:11,desktop,Delhi
176,user_79,logout,2026-02-06T08:20:52,desktop,Pune
177,user_145,view,2026-02-01T05:58:35,mobile,Bangalore
178,user_182,purchase,2026-02-06T23:40:51,tablet,Hyderabad
179,user_219,add_to_cart,2026-02-02T20:42:49,tablet,Delhi
180,user_90,add_to_cart,2026-02-04T20:52:03,tablet,Bangalore
181,user_250,purchase,2026-02-07T10:41:58,mobile,Delhi
182,user_48,add_to_cart,2026-02-08T16:51:52,mobile,Pune
183,user_71,view,2026-02-04T03:03:58,mobile,Mumbai
184,user_27,purchase,2026-02-06T10:25:50,tablet,Bangalore
185,user_286,view,2026-02-03T12:31:03,desktop,Hyderabad
186,user_202,click,2026-02-01T04:34:29,desktop,Delhi
187,user_159,view,2026-02-04T06:32:08,tablet,Delhi
188,user_145,purchase,2026-02-01T21:29:48,mobile,Hyderabad
189,user_148,add_to_cart,2026-02-03T20:41:32,mobile,Mumbai
190,user_154,click,2026-02-04T07:54:44,mobile,Bangalore
191,user_84,view,2026-02-06T12:52:11,mobile,Hyderabad
192,user_94,view,2026-02-04T13:20:54,desktop,Pune
193,user_122,purchase,2026-02-03T09:47:18,desktop,Mumbai
194,user_215,add_to_cart,2026-02-03T00:45:45,desktop,Pune
195,user_234,purchase,2026-02-03T16:45:59,tablet,Mumbai
196,user_127,click,2026-02-04T21:12:37,mobile,Delhi
197,user_286,click,2026-02-06T03:02:29,mobile,Pune
198,user_121,logout,2026-02-02T06:21:05,mobile,Bangalore
199,user_34,click,2026-02-06T17:28:39,desktop,Pune
200,user_252,click,2026-02-08T15:51:47,mobile,Delhi
201,user_277,add_to_cart,2026-02-03T02:29:19,mobile,Delhi
202,user_236,logout,2026-02-02T03:22:00,mobile,Bangalore
203,user_14,logout,2026-02-07T00:54:17,desktop,Hyderabad
204,user_238,logout,2026-02-08T15:03:38,mobile,Bangalore
205,user_23,purchase,2026-02-04T09:16:49,tablet,Bangalore
206,user_215,purchase,2026-02-06T15:44:12,desktop,Pune
207,user_240,add_to_cart,2026-02-02T11:33:33,desktop,Pune
208,user_57,logout,2026-02-05T01:43:23,tablet,Bangalore
209,user_83,purchase,2026-02-03T21:07:15,tablet,Hyderabad
210,user_224,add_to_cart,2026-02-02T16:52:21,tablet,Delhi
211,user_241,purchase,2026-02-02T09:01:07,mobile,Mumbai
212,user_93,logout,2026-02-07T11:16:59,tablet,Mumbai
213,user_1,logout,2026-02-01T06:13:09,tablet,Pune
214,user_222,view,2026-02-02T10:40:41,mobile,Pune
215,user_291,add_to_cart,2026-02-03T10:27:22,mobile,Mumbai
216,user_74,view,2026-02-06T12:13:25,mobile,Pune
217,user_153,add_to_cart,2026-02-07T16:08:28,desktop,Hyderabad
218,user_140,click,2026-02-08T22:28:54,tablet,Pune
219,user_22,click,2026-02-03T05:57:23,mobile,Delhi
220,user_45,add_to_cart,2026-02-01T22:04:54,desktop,Bangalore
221,user_108,view,2026-02-03T04:17:40,mobile,Mumbai
222,user_55,add_to_cart,2026-02-05T08:08:53,desktop,Mumbai
223,user_59,view,2026-02-08T14:20:46,mobile,Pune
224,user_37,purchase,2026-02-06T07:40:54,tablet,Hyderabad
225,user_9,purchase,2026-02-07T10:47:33,mobile,Delhi
226,user_93,purchase,2026-02-07T02:43:37,mobile,Bangalore
227,user_278,click,2026-02-08T21:03:25,mobile,Pune
228,user_36,view,2026-02-01T17:11:56,tablet,Delhi
229,user_164,add_to_cart,2026-02-04T17:42:25,desktop,Pune
230,user_1,view,2026-02-06T07:41:47,desktop,Bangalore
231,user_12,view,2026-02-02T23:14:15,desktop,Hyderabad
232,user_25,click,2026-02-04T02:24:30,tablet,Pune
233,user_26,view,2026-02-07T15:14:15,mobile,Hyderabad
234,user_9,purchase,2026-02-03T08:04:38,mobile,Bangalore
235,user_179,click,2026-02-06T03:55:30,mobile,Delhi
236,user_292,purchase,2026-02-06T03:12:53,mobile,Delhi
237,user_48,purchase,2026-02-01T06:24:21,mobile,Delhi
238,user_98,purchase,2026-02-04T23:41:01,desktop,Hyderabad
239,user_39,click,2026-02-05T08:36:59,tablet,Hyderabad
240,user_266,view,2026-02-01T05:11:40,mobile,Hyderabad
241,user_152,purchase,2026-02-03T00:02:06,mobile,Pune
242,user_71,view,2026-02-05T19:07:45,tablet,Mumbai
243,user_180,logout,2026-02-02T08:36:08,tablet,Mumbai
244,user_105,add_to_cart,2026-02-06T08:19:06,mobile,Pune
245,user_64,purchase,2026-02-06T07:57:24,mobile,Pune
246,user_248,click,2026-02-02T02:13:26,tablet,Pune
247,user_80,click,2026-02-07T00:07:32,tablet,Bangalore
248,user_149,view,2026-02-03T12:48:30,tablet,Delhi
249,user_19,purchase,2026-02-04T04:14:46,tablet,Bangalore
250,user_100,view,2026-02-06T16:15:23,tablet,Mumbai
251,user_253,view,2026-02-02T16:02:39,mobile,Bangalore
252,user_255,logout,2026-02-08T05:18:05,tablet,Delhi
253,user_124,purchase,2026-02-08T18:02:23,mobile,Delhi
254,user_121,click,2026-02-07T21:13:52,tablet,Delhi
255,user_283,click,2026-02-08T23:15:10,mobile,Pune
256,user_268,add_to_cart,2026-02-04T06:48:54,tablet,Hyderabad
257,user_30,view,2026-02-01T01:40:57,desktop,Bangalore
258,user_52,purchase,2026-02-02T14:51:57,desktop,Hyderabad
259,user_76,purchase,2026-02-01T20:00:41,desktop,Mumbai
260,user_215,click,2026-02-05T23:52:38,desktop,Pune
261,user_183,view,2026-02-04T17:27:31,tablet,Bangalore
262,user_93,logout,2026-02-07T19:19:05,mobile,Hyderabad
263,user_263,purchase,2026-02-05T08:13:18,mobile,Bangalore
264,user_221,logout,2026-02-04T19:28:34,desktop,Delhi
265,user_37,click,2026-02-03T18:40:15,mobile,Delhi
266,user_99,view,2026-02-05T07:34:10,mobile,Pune
267,user_237,add_to_cart,2026-02-02T23:03:18,mobile,Hyderabad
268,user_227,click,2026-02-03T19:00:28,tablet,Mumbai
269,user_254,logout,2026-02-07T11:14:35,mobile,Delhi
270,user_274,add_to_cart,2026-02-08T00:14:46,tablet,Pune
271,user_84,logout,2026-02-04T23:11:20,tablet,Delhi
272,user_211,add_to_cart,2026-02-07T05:53:36,desktop,Pune
273,user_280,purchase,2026-02-06T05:41:11,desktop,Delhi
274,user_3,view,2026-02-03T10:53:51,mobile,Bangalore
275,user_48,logout,2026-02-06T00:07:44,tablet,Mumbai
276,user_63,view,2026-02-03T09:48:21,desktop,Pune
277,user_137,click,2026-02-01T02:23:59,tablet,Mumbai
278,user_82,click,2026-02-02T18:41:13,tablet,Hyderabad
279,user_256,logout,2026-02-06T11:15:51,mobile,Delhi
280,user_38,click,2026-02-04T09:28:37,tablet,Bangalore
281,user_86,logout,2026-02-02T01:39:26,desktop,Hyderabad
282,user_98,click,2026-02-03T22:03:14,tablet,Hyderabad
283,user_294,add_to_cart,2026-02-06T21:03:55,mobile,Mumbai
284,user_142,click,2026-02-07T08:00:42,mobile,Hyderabad
285,user_214,click,2026-02-02T12:01:29,mobile,Mumbai
286,user_212,click,2026-02-06T16:19:02,mobile,Bangalore
287,user_236,purchase,2026-02-06T21:49:34,tablet,Bangalore
288,user_64,purchase,2026-02-04T03:29:48,tablet,Hyderabad
289,user_270,view,2026-02-06T17:05:00,mobile,Delhi
290,user_65,view,2026-02-06T20:29:11,desktop,Pune
291,user_158,click,2026-02-03T09:38:50,mobile,Bangalore
292,user_60,purchase,2026-02-02T16:56:07,tablet,Bangalore
293,user_204,view,2026-02-07T12:59:28,tablet,Bangalore
294,user_258,purchase,2026-02-08T04:43:53,tablet,Delhi
295,user_124,logout,2026-02-07T23:38:08,mobile,Delhi
296,user_162,logout,2026-02-05T05:15:49,desktop,Mumbai
297,user_25,add_to_cart,2026-02-06T13:08:46,mobile,Hyderabad
298,user_257,click,2026-02-08T06:00:53,tablet,Hyderabad
299,user_206,click,2026-02-08T00:14:12,desktop,Mumbai
300,user_269,click,2026-02-05T02:45:48,mobile,Hyderabad
301,user_116,logout,2026-02-05T09:07:28,tablet,Pune
302,user_166,click,2026-02-04T21:54:36,desktop,Pune
303,user_217,add_to_cart,2026-02-03T13:34:02,desktop,Bangalore
304,user_9,add_to_cart,2026-02-05T01:12:53,desktop,Bangalore
305,user_209,click,2026-02-04T06:49:29,desktop,Delhi
306,user_176,view,2026-02-06T08:22:57,tablet,Pune
307,user_250,view,2026-02-05T15:44:27,desktop,Pune
308,user_262,purchase,2026-02-03T06:48:29,tablet,Mumbai
309,user_143,logout,2026-02-04T13:23:01,tablet,Hyderabad
310,user_162,add_to_cart,2026-02-07T03:31:56,tablet,Mumbai
311,user_123,purchase,2026-02-02T05:51:31,desktop,Bangalore
312,user_120,logout,2026-02-04T11:13:31,tablet,Hyderabad
313,user_6,view,2026-02-03T03:11:35,desktop,Mumbai
314,user_93,view,2026-02-08T18:15:59,desktop,Mumbai
315,user_141,view,2026-02-02T19:43:15,desktop,Hyderabad
316,user_54,click,2026-02-03T15:33:55,tablet,Hyderabad
317,user_141,add_to_cart,2026-02-06T05:18:50,mobile,Delhi
318,user_271,add_to_cart,2026-02-02T08:48:23,mobile,Hyderabad
319,user_57,logout,2026-02-04T03:40:23,desktop,Mumbai
320,user_149,view,2026-02-02T19:56:39,desktop,Pune
321,user_184,purchase,2026-02-06T02:19:50,desktop,Delhi
322,user_182,click,2026-02-07T10:45:16,tablet,Delhi
323,user_191,logout,2026-02-06T10:19:47,tablet,Mumbai
324,user_210,purchase,2026-02-04T09:51:38,mobile,Mumbai
325,user_22,logout,2026-02-08T01:08:21,tablet,Bangalore
326,user_223,click,2026-02-03T06:44:50,tablet,Bangalore
327,user_125,purchase,2026-02-01T15:11:57,tablet,Mumbai
328,user_218,add_to_cart,2026-02-04T11:21:55,tablet,Bangalore
329,user_244,add_to_cart,2026-02-02T09:37:38,desktop,Bangalore
330,user_180,logout,2026-02-04T16:09:32,tablet,Delhi
331,user_249,logout,2026-02-01T06:18:25,mobile,Mumbai
332,user_155,purchase,2026-02-06T09:10:17,desktop,Hyderabad
333,user_263,purchase,2026-02-02T00:37:22,tablet,Pune
334,user_89,view,2026-02-07T00:57:57,tablet,Pune
335,user_181,click,2026-02-08T15:12:54,tablet,Hyderabad
336,user_65,view,2026-02-01T20:14:23,desktop,Hyderabad
337,user_99,logout,2026-02-02T18:02:40,tablet,Bangalore
338,user_42,purchase,2026-02-07T16:35:36,desktop,Bangalore
339,user_230,click,2026-02-01T20:06:43,mobile,Pune
340,user_189,logout,2026-02-05T08:09:31,desktop,Mumbai
341,user_247,purchase,2026-02-01T01:05:06,desktop,Mumbai
342,user_297,view,2026-02-07T15:11:26,mobile,Mumbai
343,user_142,click,2026-02-05T17:30:49,desktop,Bangalore
344,user_73,purchase,2026-02-02T07:42:12,desktop,Mumbai
345,user_282,click,2026-02-01T21:55:19,tablet,Pune
346,user_254,logout,2026-02-03T16:51:44,mobile,Pune
347,user_190,view,2026-02-05T12:11:10,desktop,Hyderabad
348,user_279,purchase,2026-02-08T15:33:58,desktop,Delhi
349,user_31,add_to_cart,2026-02-04T05:58:59,desktop,Mumbai
350,user_68,add_to_cart,2026-02-07T12:01:20,desktop,Hyderabad
351,user_37,click,2026-02-06T23:47:07,mobile,Mumbai
352,user_9,purchase,2026-02-04T12:06:22,mobile,Bangalore
353,user_278,purchase,2026-02-04T06:20:55,mobile,Hyderabad
354,user_27,view,2026-02-07T00:38:48,mobile,Hyderabad
355,user_101,purchase,2026-02-04T14:41:14,tablet,Bangalore
356,user_69,purchase,2026-02-06T22:19:40,mobile,Mumbai
357,user_155,click,2026-02-03T08:27:44,desktop,Pune
358,user_221,click,2026-02-05T11:59:45,tablet,Hyderabad
359,user_3,view,2026-02-06T08:18:59,desktop,Bangalore
360,user_127,logout,2026-02-08T12:25:41,tablet,Hyderabad
361,user_117,logout,2026-02-01T01:13:56,desktop,Bangalore
362,user_226,click,2026-02-02T11:38:14,tablet,Pune
363,user_131,purchase,2026-02-03T13:16:32,desktop,Mumbai
364,user_135,view,2026-02-08T00:53:44,tablet,Pune
365,user_17,add_to_cart,2026-02-03T12:27:05,mobile,Delhi
366,user_173,add_to_cart,2026-02-01T11:06:35,tablet,Bangalore
367,user_180,add_to_cart,2026-02-02T11:30:51,tablet,Hyderabad
368,user_172,view,2026-02-07T17:42:12,desktop,Delhi
369,user_293,add_to_cart,2026-02-08T09:45:57,tablet,Hyderabad
370,user_96,click,2026-02-01T14:06:22,mobile,Delhi
371,user_59,click,2026-02-08T17:52:15,desktop,Delhi
372,user_228,view,2026-02-04T08:08:34,desktop,Pune
373,user_48,add_to_cart,2026-02-04T05:43:41,tablet,Hyderabad
374,user_172,click,2026-02-05T12:30:04,desktop,Pune
375,user_190,view,2026-02-05T18:38:14,mobile,Delhi
376,user_42,purchase,2026-02-05T16:40:45,desktop,Hyderabad
377,user_163,logout,2026-02-06T07:34:51,desktop,Pune
378,user_261,purchase,2026-02-04T08:20:51,desktop,Mumbai
379,user_274,add_to_cart,2026-02-07T07:40:16,desktop,Delhi
380,user_135,purchase,2026-02-05T08:12:45,tablet,Delhi
381,user_159,purchase,2026-02-06T20:26:57,tablet,Hyderabad
382,user_121,purchase,2026-02-03T17:42:27,tablet,Pune
383,user_62,click,2026-02-01T06:38:54,mobile,Hyderabad
384,user_109,logout,2026-02-06T15:11:30,desktop,Mumbai
385,user_266,click,2026-02-07T04:21:51,desktop,Pune
386,user_50,logout,2026-02-07T12:39:40,mobile,Hyderabad
387,user_164,add_to_cart,2026-02-04T17:51:47,desktop,Hyderabad
388,user_226,logout,2026-02-08T22:28:30,desktop,Bangalore
389,user_246,view,2026-02-02T17:10:09,desktop,Hyderabad
390,user_144,logout,2026-02-01T15:08:45,tablet,Delhi
391,user_27,purchase,2026-02-04T08:25:33,tablet,Delhi
392,user_175,logout,2026-02-01T06:54:51,mobile,Hyderabad
393,user_203,view,2026-02-05T11:38:03,mobile,Mumbai
394,user_288,logout,2026-02-01T18:50:32,mobile,Hyderabad
395,user_71,view,2026-02-08T20:41:36,tablet,Pune
396,user_4,click,2026-02-01T01:00:49,mobile,Hyderabad
397,user_19,logout,2026-02-06T16:18:04,desktop,Delhi
398,user_189,click,2026-02-02T09:37:58,tablet,Pune
399,user_194,view,2026-02-03T21:23:03,tablet,Bangalore
400,user_138,view,2026-02-05T04:23:15,desktop,Delhi
401,user_91,purchase,2026-02-02T21:34:37,tablet,Delhi
402,user_10,click,2026-02-05T00:43:58,mobile,Pune
403,user_83,click,2026-02-08T08:11:31,tablet,Pune
404,user_203,logout,2026-02-01T22:45:31,desktop,Bangalore
405,user_73,logout,2026-02-01T21:33:59,mobile,Hyderabad
406,user_283,view,2026-02-02T23:07:51,tablet,Bangalore
407,user_85,add_to_cart,2026-02-03T01:33:54,tablet,Bangalore
408,user_96,logout,2026-02-03T04:39:30,tablet,Mumbai
409,user_6,add_to_cart,2026-02-01T06:19:17,tablet,Bangalore
410,user_11,click,2026-02-03T21:29:00,desktop,Pune
411,user_137,logout,2026-02-03T15:26:17,mobile,Hyderabad
412,user_285,add_to_cart,2026-02-07T20:59:27,desktop,Delhi
413,user_22,add_to_cart,2026-02-06T06:10:32,desktop,Mumbai
414,user_245,add_to_cart,2026-02-05T04:48:53,tablet,Hyderabad
415,user_232,logout,2026-02-07T15:27:47,desktop,Mumbai
416,user_70,add_to_cart,2026-02-02T09:54:55,desktop,Pune
417,user_162,purchase,2026-02-02T11:30:35,tablet,Pune
418,user_178,click,2026-02-01T01:44:19,mobile,Mumbai
419,user_54,click,2026-02-07T01:58:11,desktop,Delhi
420,user_102,click,2026-02-07T07:23:24,desktop,Hyderabad
421,user_32,purchase,2026-02-08T06:17:24,desktop,Pune
422,user_133,logout,2026-02-03T00:06:41,desktop,Hyderabad
423,user_122,view,2026-02-08T13:19:32,desktop,Bangalore
424,user_200,view,2026-02-02T06:23:25,tablet,Bangalore
425,user_225,add_to_cart,2026-02-08T05:23:31,desktop,Bangalore
426,user_287,click,2026-02-08T07:21:19,tablet,Bangalore
427,user_218,add_to_cart,2026-02-06T06:30:54,desktop,Delhi
428,user_85,purchase,2026-02-04T02:40:04,tablet,Pune
429,user_231,click,2026-02-06T23:36:35,tablet,Mumbai
430,user_119,purchase,2026-02-04T03:08:25,mobile,Bangalore
431,user_207,click,2026-02-06T07:52:39,desktop,Hyderabad
432,user_18,view,2026-02-07T00:48:28,mobile,Hyderabad
433,user_2,add_to_cart,2026-02-07T23:11:51,tablet,Mumbai
434,user_208,logout,2026-02-01T23:01:34,mobile,Delhi
435,user_28,click,2026-02-07T17:02:06,tablet,Bangalore
436,user_270,click,2026-02-03T01:05:58,desktop,Mumbai
437,user_195,logout,2026-02-06T08:46:43,mobile,Pune
438,user_79,purchase,2026-02-08T13:05:01,tablet,Mumbai
439,user_190,logout,2026-02-02T06:55:02,mobile,Hyderabad
440,user_85,click,2026-02-05T03:43:46,tablet,Bangalore
441,user_47,view,2026-02-08T02:30:49,tablet,Pune
442,user_130,purchase,2026-02-07T20:50:37,desktop,Pune
443,user_62,view,2026-02-03T19:38:30,mobile,Delhi
444,user_136,logout,2026-02-08T01:27:54,desktop,Pune
445,user_116,click,2026-02-07T07:40:21,tablet,Bangalore
446,user_186,add_to_cart,2026-02-03T18:40:05,tablet,Bangalore
447,user_210,view,2026-02-01T14:03:20,tablet,Hyderabad
448,user_248,click,2026-02-05T19:14:31,mobile,Bangalore
449,user_126,view,2026-02-01T08:09:55,tablet,Hyderabad
450,user_43,click,2026-02-06T22:16:18,mobile,Delhi
451,user_57,click,2026-02-01T07:50:15,desktop,Delhi
452,user_74,click,2026-02-02T03:38:44,mobile,Hyderabad
453,user_189,click,2026-02-08T02:38:01,desktop,Hyderabad
454,user_207,add_to_cart,2026-02-04T20:56:38,tablet,Mumbai
455,user_288,purchase,2026-02-03T05:07:40,mobile,Delhi
456,user_141,click,2026-02-07T02:31:16,desktop,Pune
457,user_206,click,2026-02-03T19:34:57,tablet,Delhi
458,user_161,view,2026-02-03T19:58:37,desktop,Mumbai
459,user_233,logout,2026-02-05T15:43:52,desktop,Hyderabad
460,user_75,purchase,2026-02-08T03:35:00,tablet,Hyderabad
461,user_48,logout,2026-02-06T22:17:19,desktop,Hyderabad
462,user_137,add_to_cart,2026-02-02T06:34:54,tablet,Pune
463,user_192,purchase,2026-02-06T06:46:16,desktop,Pune
464,user_105,purchase,2026-02-06T23:11:58,tablet,Bangalore
465,user_159,view,2026-02-07T11:55:29,mobile,Hyderabad
466,user_7,add_to_cart,2026-02-04T04:18:38,desktop,Mumbai
467,user_67,view,2026-02-06T10:14:36,desktop,Delhi
468,user_210,view,2026-02-04T12:01:59,tablet,Mumbai
469,user_197,add_to_cart,2026-02-08T23:24:16,mobile,Mumbai
470,user_14,view,2026-02-08T16:38:03,desktop,Delhi
471,user_21,logout,2026-02-05T06:53:45,desktop,Bangalore
472,user_140,add_to_cart,2026-02-07T07:14:44,mobile,Mumbai
473,user_131,logout,2026-02-05T22:48:10,tablet,Pune
474,user_184,view,2026-02-06T18:10:13,desktop,Hyderabad
475,user_219,add_to_cart,2026-02-06T21:00:37,desktop,Hyderabad
476,user_30,view,2026-02-08T01:00:44,mobile,Bangalore
477,user_163,view,2026-02-06T18:39:17,desktop,Pune
478,user_273,click,2026-02-05T09:08:34,desktop,Pune
479,user_106,click,2026-02-01T16:45:46,desktop,Pune
480,user_120,logout,2026-02-07T23:11:47,mobile,Bangalore
481,user_34,view,2026-02-06T12:41:49,mobile,Mumbai
482,user_37,logout,2026-02-04T00:25:08,mobile,Mumbai
483,user_84,view,2026-02-02T14:05:18,mobile,Mumbai
484,user_112,view,2026-02-01T12:38:13,mobile,Hyderabad
485,user_132,purchase,2026-02-05T01:23:54,mobile,Pune
486,user_173,click,2026-02-07T17:57:03,desktop,Hyderabad
487,user_252,add_to_cart,2026-02-03T18:57:55,tablet,Delhi
488,user_290,logout,2026-02-03T04:18:30,tablet,Delhi
489,user_55,purchase,2026-02-01T11:54:13,desktop,Mumbai
490,user_125,logout,2026-02-02T18:33:34,desktop,Mumbai
491,user_174,logout,2026-02-06T03:26:28,desktop,Hyderabad
492,user_75,logout,2026-02-06T02:20:06,mobile,Hyderabad
493,user_267,view,2026-02-07T02:25:22,mobile,Mumbai
494,user_3,click,2026-02-06T18:46:31,desktop,Hyderabad
495,user_35,click,2026-02-03T23:14:34,tablet,Delhi
496,user_280,add_to_cart,2026-02-02T20:25:05,tablet,Pune
497,user_259,logout,2026-02-05T05:59:07,tablet,Bangalore
498,user_61,add_to_cart,2026-02-04T22:22:44,desktop,Hyderabad
499,user_5,view,2026-02-04T05:27:50,mobile,Bangalore
500,user_238,click,2026-02-01T16:24:57,tablet,Delhi
501,user_45,view,2026-02-05T09:07:43,desktop,Hyderabad
502,user_145,view,2026-02-04T05:14:03,desktop,Pune
503,user_183,click,2026-02-07T12:02:36,desktop,Mumbai
504,user_297,purchase,2026-02-08T11:17:38,tablet,Bangalore
505,user_182,logout,2026-02-02T19:30:27,desktop,Mumbai
506,user_214,purchase,2026-02-03T00:12:03,mobile,Pune
507,user_285,view,2026-02-01T20:21:32,tablet,Delhi
508,user_169,logout,2026-02-03T16:16:48,tablet,Hyderabad
509,user_279,add_to_cart,2026-02-05T03:58:09,desktop,Hyderabad
510,user_89,view,2026-02-04T22:21:34,mobile,Mumbai
511,user_133,click,2026-02-07T04:22:37,tablet,Bangalore
512,user_260,view,2026-02-05T00:48:28,desktop,Pune
513,user_59,add_to_cart,2026-02-06T15:57:27,tablet,Bangalore
514,user_230,purchase,2026-02-06T06:54:55,desktop,Mumbai
515,user_93,view,2026-02-07T12:24:58,mobile,Mumbai
516,user_175,view,2026-02-08T22:56:13,mobile,Hyderabad
517,user_271,view,2026-02-06T19:41:29,tablet,Delhi
518,user_20,logout,2026-02-07T10:48:24,tablet,Bangalore
519,user_244,add_to_cart,2026-02-01T11:18:00,tablet,Delhi
520,user_247,purchase,2026-02-08T06:03:11,tablet,Bangalore
521,user_158,click,2026-02-04T19:06:54,desktop,Pune
522,user_96,view,2026-02-06T00:14:03,tablet,Delhi
523,user_46,purchase,2026-02-05T10:49:24,mobile,Hyderabad
524,user_274,add_to_cart,2026-02-02T20:03:55,tablet,Mumbai
525,user_151,logout,2026-02-01T08:50:28,mobile,Bangalore
526,user_82,logout,2026-02-04T14:16:54,mobile,Mumbai
527,user_3,purchase,2026-02-01T17:00:02,desktop,Mumbai
528,user_298,add_to_cart,2026-02-07T02:25:49,tablet,Bangalore
529,user_56,view,2026-02-06T02:41:33,mobile,Delhi
530,user_35,purchase,2026-02-05T06:31:44,mobile,Delhi
531,user_108,add_to_cart,2026-02-04T22:20:15,mobile,Pune
532,user_164,view,2026-02-06T11:17:59,desktop,Bangalore
533,user_181,click,2026-02-04T14:11:07,mobile,Hyderabad
534,user_72,view,2026-02-07T02:28:50,mobile,Bangalore
535,user_263,purchase,2026-02-07T15:49:59,mobile,Mumbai
536,user_222,view,2026-02-04T10:12:50,mobile,Hyderabad
537,user_74,logout,2026-02-07T00:14:44,desktop,Delhi
538,user_81,click,2026-02-05T14:58:25,tablet,Delhi
539,user_277,logout,2026-02-03T11:38:15,desktop,Pune
540,user_152,purchase,2026-02-05T13:24:21,desktop,Pune
541,user_207,add_to_cart,2026-02-01T19:21:07,tablet,Hyderabad
542,user_171,logout,2026-02-05T22:44:19,mobile,Pune
543,user_293,add_to_cart,2026-02-08T01:09:16,mobile,Pune
544,user_43,click,2026-02-03T08:18:00,desktop,Bangalore
545,user_63,view,2026-02-07T16:27:51,tablet,Pune
546,user_63,add_to_cart,2026-02-02T17:27:46,desktop,Bangalore
547,user_103,logout,2026-02-08T15:02:13,mobile,Hyderabad
548,user_141,view,2026-02-04T07:13:46,mobile,Pune
549,user_223,purchase,2026-02-07T18:49:43,mobile,Pune
550,user_141,click,2026-02-07T06:55:31,tablet,Bangalore
551,user_5,add_to_cart,2026-02-03T07:00:38,desktop,Bangalore
552,user_239,purchase,2026-02-07T07:43:00,mobile,Delhi
553,user_220,add_to_cart,2026-02-07T08:30:54,desktop,Pune
554,user_45,add_to_cart,2026-02-01T03:15:18,desktop,Mumbai
555,user_43,add_to_cart,2026-02-08T17:01:14,tablet,Bangalore
556,user_260,logout,2026-02-08T21:52:09,mobile,Delhi
557,user_291,click,2026-02-08T18:24:10,desktop,Delhi
558,user_267,logout,2026-02-04T01:06:55,mobile,Bangalore
559,user_266,view,2026-02-06T19:38:17,mobile,Pune
560,user_102,add_to_cart,2026-02-07T09:06:55,desktop,Hyderabad
561,user_152,click,2026-02-02T17:56:10,mobile,Hyderabad
562,user_219,logout,2026-02-02T09:13:06,desktop,Hyderabad
563,user_194,purchase,2026-02-03T01:56:27,tablet,Bangalore
564,user_39,add_to_cart,2026-02-05T16:20:53,desktop,Pune
565,user_3,click,2026-02-06T13:08:11,mobile,Mumbai
566,user_183,view,2026-02-03T10:11:35,desktop,Delhi
567,user_143,click,2026-02-06T10:58:39,mobile,Bangalore
568,user_203,purchase,2026-02-08T16:36:57,desktop,Hyderabad
569,user_140,logout,2026-02-04T14:31:41,desktop,Bangalore
570,user_212,purchase,2026-02-06T18:06:34,tablet,Delhi
571,user_249,purchase,2026-02-01T21:48:24,desktop,Hyderabad
572,user_27,logout,2026-02-01T01:56:46,tablet,Delhi
573,user_223,click,2026-02-06T03:00:06,tablet,Bangalore
574,user_224,logout,2026-02-07T15:37:34,tablet,Delhi
575,user_122,logout,2026-02-03T23:41:21,tablet,Hyderabad
576,user_141,purchase,2026-02-07T21:15:06,mobile,Bangalore
577,user_110,logout,2026-02-08T01:48:05,desktop,Hyderabad
578,user_149,logout,2026-02-06T07:47:08,desktop,Hyderabad
579,user_10,click,2026-02-02T17:55:08,mobile,Bangalore
580,user_27,view,2026-02-05T20:00:17,tablet,Delhi
581,user_103,logout,2026-02-03T02:39:33,tablet,Hyderabad
582,user_135,add_to_cart,2026-02-05T03:19:20,mobile,Mumbai
583,user_143,purchase,2026-02-06T15:16:43,desktop,Delhi
584,user_46,purchase,2026-02-07T18:00:08,tablet,Delhi
585,user_163,purchase,2026-02-02T05:27:26,mobile,Mumbai
586,user_102,view,2026-02-01T03:10:03,mobile,Bangalore
587,user_114,purchase,2026-02-01T05:29:57,mobile,Pune
588,user_256,view,2026-02-01T22:14:33,tablet,Bangalore
589,user_73,add_to_cart,2026-02-03T19:31:30,mobile,Bangalore
590,user_101,view,2026-02-05T06:14:27,desktop,Bangalore
591,user_29,add_to_cart,2026-02-06T07:50:03,desktop,Delhi
592,user_268,purchase,2026-02-03T18:22:59,desktop,Bangalore
593,user_185,add_to_cart,2026-02-04T09:37:00,mobile,Bangalore
594,user_159,add_to_cart,2026-02-06T03:52:40,mobile,Hyderabad
595,user_241,logout,2026-02-01T16:40:34,tablet,Bangalore
596,user_198,view,2026-02-03T01:43:58,mobile,Hyderabad
597,user_236,add_to_cart,2026-02-03T00:48:47,tablet,Mumbai
598,user_294,add_to_cart,2026-02-02T11:35:35,desktop,Pune
599,user_197,click,2026-02-01T20:41:57,desktop,Hyderabad
600,user_282,logout,2026-02-05T02:36:11,mobile,Mumbai
601,user_127,add_to_cart,2026-02-04T08:41:16,desktop,Pune
602,user_35,view,2026-02-07T23:29:05,mobile,Mumbai
603,user_90,click,2026-02-06T07:25:49,desktop,Mumbai
604,user_84,purchase,2026-02-03T06:38:29,desktop,Mumbai
605,user_91,logout,2026-02-03T07:56:28,mobile,Delhi
606,user_3,add_to_cart,2026-02-02T09:35:58,tablet,Delhi
607,user_36,logout,2026-02-03T08:44:38,tablet,Delhi
608,user_227,view,2026-02-08T07:41:52,desktop,Bangalore
609,user_123,logout,2026-02-04T04:26:31,mobile,Bangalore
610,user_120,purchase,2026-02-07T01:44:42,tablet,Pune
611,user_30,purchase,2026-02-01T01:46:40,tablet,Bangalore
612,user_51,purchase,2026-02-04T03:25:50,mobile,Bangalore
613,user_266,purchase,2026-02-04T19:07:29,desktop,Bangalore
614,user_34,add_to_cart,2026-02-02T17:00:29,tablet,Mumbai
615,user_185,click,2026-02-05T21:28:01,mobile,Mumbai
616,user_33,logout,2026-02-03T04:44:10,desktop,Mumbai
617,user_20,purchase,2026-02-08T14:38:21,desktop,Pune
618,user_211,view,2026-02-01T15:00:42,tablet,Pune
619,user_246,logout,2026-02-01T02:46:40,tablet,Pune
620,user_120,view,2026-02-07T05:21:47,desktop,Hyderabad
621,user_110,click,2026-02-03T00:27:18,tablet,Mumbai
622,user_186,logout,2026-02-06T08:18:03,desktop,Pune
623,user_18,click,2026-02-07T08:05:34,mobile,Hyderabad
624,user_45,purchase,2026-02-01T02:03:45,mobile,Hyderabad
625,user_94,view,2026-02-07T18:29:06,mobile,Pune
626,user_140,purchase,2026-02-08T05:28:41,desktop,Bangalore
627,user_213,add_to_cart,2026-02-03T17:22:12,mobile,Delhi
628,user_200,add_to_cart,2026-02-06T16:37:09,tablet,Bangalore
629,user_208,logout,2026-02-01T09:28:38,tablet,Hyderabad
630,user_82,add_to_cart,2026-02-03T22:53:17,desktop,Hyderabad
631,user_126,click,2026-02-02T15:23:19,tablet,Delhi
632,user_77,view,2026-02-08T12:13:41,desktop,Hyderabad
633,user_64,add_to_cart,2026-02-04T03:25:50,desktop,Delhi
634,user_17,add_to_cart,2026-02-02T10:00:00,desktop,Bangalore
635,user_171,purchase,2026-02-03T01:02:04,mobile,Delhi
636,user_213,purchase,2026-02-03T11:58:57,mobile,Hyderabad
637,user_81,click,2026-02-08T22:33:52,mobile,Bangalore
638,user_277,click,2026-02-04T05:03:36,desktop,Pune
639,user_53,purchase,2026-02-01T05:03:39,desktop,Delhi
640,user_50,click,2026-02-05T19:52:39,mobile,Delhi
641,user_139,purchase,2026-02-06T23:54:43,tablet,Mumbai
642,user_18,add_to_cart,2026-02-07T18:47:23,tablet,Bangalore
643,user_265,click,2026-02-04T16:33:05,tablet,Pune
644,user_22,logout,2026-02-03T02:58:40,mobile,Bangalore
645,user_64,add_to_cart,2026-02-04T14:10:38,desktop,Delhi
646,user_89,purchase,2026-02-02T10:35:18,mobile,Mumbai
647,user_254,add_to_cart,2026-02-04T08:19:05,desktop,Hyderabad
648,user_97,logout,2026-02-07T03:41:07,desktop,Delhi
649,user_174,logout,2026-02-07T03:41:51,tablet,Hyderabad
650,user_19,add_to_cart,2026-02-01T20:39:49,mobile,Mumbai
651,user_152,logout,2026-02-03T20:37:38,desktop,Bangalore
652,user_269,add_to_cart,2026-02-05T17:21:42,mobile,Bangalore
653,user_232,click,2026-02-01T04:58:11,tablet,Bangalore
654,user_269,logout,2026-02-01T23:08:48,desktop,Pune
655,user_17,logout,2026-02-03T22:51:25,desktop,Mumbai
656,user_275,purchase,2026-02-04T11:09:49,desktop,Mumbai
657,user_232,view,2026-02-02T06:46:26,tablet,Bangalore
658,user_35,view,2026-02-08T10:32:36,mobile,Mumbai
659,user_170,add_to_cart,2026-02-06T23:14:53,tablet,Delhi
660,user_127,view,2026-02-01T01:42:34,tablet,Hyderabad
661,user_18,purchase,2026-02-07T23:31:01,tablet,Hyderabad
662,user_234,add_to_cart,2026-02-05T03:58:29,desktop,Delhi
663,user_242,add_to_cart,2026-02-04T18:37:30,desktop,Pune
664,user_59,purchase,2026-02-08T02:07:39,desktop,Bangalore
665,user_125,purchase,2026-02-04T15:39:19,desktop,Pune
666,user_10,logout,2026-02-04T16:46:20,tablet,Hyderabad
667,user_183,logout,2026-02-07T06:11:16,desktop,Delhi
668,user_222,logout,2026-02-03T09:31:28,mobile,Hyderabad
669,user_117,logout,2026-02-03T07:32:07,mobile,Bangalore
670,user_269,view,2026-02-04T17:21:44,tablet,Pune
671,user_112,purchase,2026-02-05T15:09:26,desktop,Pune
672,user_252,logout,2026-02-07T21:21:21,tablet,Mumbai
673,user_240,purchase,2026-02-03T03:59:58,tablet,Bangalore
674,user_159,view,2026-02-03T16:08:41,mobile,Mumbai
675,user_62,view,2026-02-04T13:59:23,desktop,Pune
676,user_77,view,2026-02-08T12:09:07,tablet,Pune
677,user_222,purchase,2026-02-04T15:03:28,mobile,Hyderabad
678,user_1,click,2026-02-01T10:31:57,mobile,Hyderabad
679,user_247,add_to_cart,2026-02-01T07:32:17,mobile,Delhi
680,user_216,click,2026-02-06T20:06:22,mobile,Delhi
681,user_154,click,2026-02-06T15:32:31,mobile,Bangalore
682,user_93,view,2026-02-03T22:49:05,mobile,Mumbai
683,user_106,add_to_cart,2026-02-01T15:37:03,mobile,Mumbai
684,user_142,logout,2026-02-01T23:33:20,mobile,Mumbai
685,user_204,logout,2026-02-08T16:52:45,tablet,Hyderabad
686,user_75,purchase,2026-02-01T01:48:23,tablet,Pune
687,user_61,click,2026-02-03T15:01:58,desktop,Pune
688,user_273,logout,2026-02-07T06:51:18,mobile,Pune
689,user_15,purchase,2026-02-01T04:22:16,mobile,Bangalore
690,user_77,view,2026-02-01T11:34:08,tablet,Mumbai
691,user_3,logout,2026-02-06T16:38:27,desktop,Delhi
692,user_207,view,2026-02-04T23:17:33,mobile,Delhi
693,user_45,click,2026-02-08T21:54:39,mobile,Mumbai
694,user_78,view,2026-02-02T17:48:36,tablet,Hyderabad
695,user_236,add_to_cart,2026-02-05T00:07:23,tablet,Mumbai
696,user_81,add_to_cart,2026-02-08T00:34:43,desktop,Pune
697,user_11,logout,2026-02-02T12:31:49,mobile,Delhi
698,user_213,purchase,2026-02-04T06:16:41,mobile,Delhi
699,user_220,view,2026-02-01T13:21:58,mobile,Bangalore
700,user_145,view,2026-02-06T03:56:27,mobile,Mumbai
701,user_158,purchase,2026-02-06T09:58:14,desktop,Pune
702,user_63,logout,2026-02-04T21:24:20,tablet,Delhi
703,user_65,purchase,2026-02-01T15:11:55,desktop,Pune
704,user_28,logout,2026-02-04T11:47:22,tablet,Pune
705,user_218,click,2026-02-06T07:03:16,desktop,Delhi
706,user_117,logout,2026-02-04T17:02:32,mobile,Pune
707,user_85,logout,2026-02-06T06:44:45,mobile,Delhi
708,user_10,logout,2026-02-03T04:03:52,tablet,Pune
709,user_239,click,2026-02-08T23:37:20,tablet,Hyderabad
710,user_188,add_to_cart,2026-02-04T04:31:39,mobile,Mumbai
711,user_35,purchase,2026-02-08T08:10:32,tablet,Bangalore
712,user_218,add_to_cart,2026-02-01T22:57:26,mobile,Mumbai
713,user_279,view,2026-02-07T01:21:53,tablet,Mumbai
714,user_292,logout,2026-02-06T02:49:01,tablet,Bangalore
715,user_87,purchase,2026-02-03T09:17:55,mobile,Mumbai
716,user_53,logout,2026-02-07T14:30:37,mobile,Hyderabad
717,user_180,view,2026-02-06T04:41:01,tablet,Mumbai
718,user_272,click,2026-02-06T10:16:39,desktop,Delhi
719,user_82,purchase,2026-02-08T22:38:05,tablet,Hyderabad
720,user_131,add_to_cart,2026-02-06T13:50:21,desktop,Delhi
721,user_115,view,2026-02-04T02:45:34,tablet,Bangalore
722,user_121,click,2026-02-06T20:40:34,tablet,Mumbai
723,user_162,view,2026-02-04T01:03:33,mobile,Bangalore
724,user_198,add_to_cart,2026-02-01T13:56:28,desktop,Delhi
725,user_201,view,2026-02-03T14:41:23,tablet,Delhi
726,user_76,purchase,2026-02-05T13:37:05,mobile,Bangalore
727,user_205,add_to_cart,2026-02-05T01:17:40,mobile,Pune
728,user_127,click,2026-02-05T01:08:26,tablet,Mumbai
729,user_219,logout,2026-02-08T07:24:43,desktop,Hyderabad
730,user_145,view,2026-02-01T17:46:17,mobile,Delhi
731,user_85,purchase,2026-02-06T08:59:20,tablet,Delhi
732,user_237,logout,2026-02-07T15:47:48,mobile,Delhi
733,user_226,add_to_cart,2026-02-02T12:52:16,tablet,Bangalore
734,user_78,view,2026-02-06T07:58:25,desktop,Bangalore
735,user_101,view,2026-02-03T11:11:34,mobile,Mumbai
736,user_153,click,2026-02-08T04:09:09,desktop,Hyderabad
737,user_76,logout,2026-02-08T16:33:40,desktop,Mumbai
738,user_37,add_to_cart,2026-02-06T04:28:11,mobile,Mumbai
739,user_153,view,2026-02-06T00:50:20,mobile,Hyderabad
740,user_276,logout,2026-02-08T13:53:58,desktop,Delhi
741,user_98,purchase,2026-02-05T21:27:34,mobile,Mumbai
742,user_244,click,2026-02-05T11:57:49,tablet,Mumbai
743,user_32,click,2026-02-02T04:59:50,mobile,Mumbai
744,user_45,click,2026-02-03T05:51:50,mobile,Delhi
745,user_186,purchase,2026-02-03T16:47:01,tablet,Bangalore
746,user_278,view,2026-02-07T09:22:00,mobile,Mumbai
747,user_238,view,2026-02-04T13:27:09,mobile,Mumbai
748,user_279,click,2026-02-07T23:55:19,tablet,Hyderabad
749,user_20,purchase,2026-02-05T03:34:43,desktop,Mumbai
750,user_250,view,2026-02-01T11:51:13,mobile,Bangalore
751,user_235,purchase,2026-02-02T19:52:09,desktop,Pune
752,user_300,purchase,2026-02-01T16:31:13,desktop,Pune
753,user_238,purchase,2026-02-01T06:29:45,desktop,Hyderabad
754,user_268,view,2026-02-06T11:50:26,tablet,Bangalore
755,user_85,click,2026-02-03T22:09:44,mobile,Pune
756,user_153,add_to_cart,2026-02-05T15:23:53,mobile,Pune
757,user_174,purchase,2026-02-07T14:17:05,desktop,Bangalore
758,user_84,add_to_cart,2026-02-02T16:34:39,tablet,Hyderabad
759,user_230,click,2026-02-03T19:09:05,tablet,Bangalore
760,user_223,add_to_cart,2026-02-03T04:17:56,tablet,Pune
761,user_85,view,2026-02-04T18:41:26,mobile,Pune
762,user_71,add_to_cart,2026-02-04T08:31:42,tablet,Hyderabad
763,user_129,click,2026-02-05T10:26:45,tablet,Hyderabad
764,user_124,click,2026-02-01T08:03:51,tablet,Delhi
765,user_124,click,2026-02-03T07:17:37,desktop,Mumbai
766,user_169,logout,2026-02-05T10:00:57,desktop,Hyderabad
767,user_10,logout,2026-02-03T15:21:27,desktop,Bangalore
768,user_225,purchase,2026-02-01T15:11:53,tablet,Pune
769,user_38,click,2026-02-06T07:37:39,desktop,Hyderabad
770,user_89,click,2026-02-01T19:49:14,mobile,Bangalore
771,user_76,purchase,2026-02-04T13:19:20,desktop,Pune
772,user_32,click,2026-02-01T09:18:50,desktop,Mumbai
773,user_207,click,2026-02-08T23:37:34,desktop,Pune
774,user_63,click,2026-02-08T05:51:47,mobile,Pune
775,user_30,click,2026-02-03T08:15:01,mobile,Mumbai
776,user_187,view,2026-02-02T21:05:24,mobile,Mumbai
777,user_17,view,2026-02-01T12:02:42,tablet,Pune
778,user_194,logout,2026-02-06T21:17:51,tablet,Hyderabad
779,user_78,view,2026-02-07T09:24:57,tablet,Mumbai
780,user_92,purchase,2026-02-01T00:22:56,tablet,Hyderabad
781,user_67,add_to_cart,2026-02-05T17:48:44,tablet,Pune
782,user_238,purchase,2026-02-06T10:26:33,desktop,Pune
783,user_96,click,2026-02-06T15:14:15,desktop,Hyderabad
784,user_253,add_to_cart,2026-02-01T02:47:29,mobile,Pune
785,user_144,logout,2026-02-06T08:48:50,tablet,Mumbai
786,user_187,view,2026-02-03T18:08:09,desktop,Delhi
787,user_249,add_to_cart,2026-02-05T19:53:14,mobile,Hyderabad
788,user_135,add_to_cart,2026-02-01T10:09:36,mobile,Delhi
789,user_281,click,2026-02-01T16:52:44,mobile,Delhi
790,user_270,logout,2026-02-06T01:16:08,mobile,Hyderabad
791,user_36,click,2026-02-07T05:57:02,mobile,Bangalore
792,user_88,logout,2026-02-05T05:07:53,mobile,Bangalore
793,user_235,purchase,2026-02-07T15:07:38,mobile,Hyderabad
794,user_123,add_to_cart,2026-02-01T10:48:01,desktop,Mumbai
795,user_234,purchase,2026-02-05T01:44:21,desktop,Pune
796,user_100,add_to_cart,2026-02-06T23:29:29,desktop,Hyderabad
797,user_294,view,2026-02-03T08:10:44,mobile,Mumbai
798,user_160,view,2026-02-05T05:04:18,mobile,Hyderabad
799,user_105,add_to_cart,2026-02-06T09:52:03,mobile,Mumbai
800,user_189,logout,2026-02-05T04:25:34,desktop,Pune
801,user_233,logout,2026-02-03T01:06:30,desktop,Hyderabad
802,user_15,view,2026-02-04T15:13:50,desktop,Pune
803,user_121,click,2026-02-01T14:21:28,mobile,Mumbai
804,user_167,add_to_cart,2026-02-06T00:39:24,desktop,Hyderabad
805,user_32,add_to_cart,2026-02-01T13:02:40,tablet,Pune
806,user_119,click,2026-02-07T11:04:57,tablet,Bangalore
807,user_275,add_to_cart,2026-02-04T13:36:33,tablet,Hyderabad
808,user_59,view,2026-02-03T18:26:09,tablet,Pune
809,user_145,purchase,2026-02-08T15:32:04,tablet,Pune
810,user_164,logout,2026-02-05T06:15:17,desktop,Hyderabad
811,user_28,view,2026-02-08T17:48:38,tablet,Pune
812,user_61,view,2026-02-04T22:11:47,tablet,Pune
813,user_67,purchase,2026-02-08T19:06:35,tablet,Bangalore
814,user_158,add_to_cart,2026-02-01T10:13:36,tablet,Pune
815,user_251,click,2026-02-02T16:59:53,tablet,Hyderabad
816,user_20,purchase,2026-02-08T21:47:21,desktop,Bangalore
817,user_113,logout,2026-02-03T11:09:37,tablet,Bangalore
818,user_235,view,2026-02-02T21:56:08,mobile,Bangalore
819,user_261,view,2026-02-03T14:33:08,desktop,Delhi
820,user_228,view,2026-02-08T17:52:57,desktop,Delhi
821,user_21,click,2026-02-04T05:02:52,desktop,Delhi
822,user_188,click,2026-02-02T05:56:35,mobile,Delhi
823,user_129,purchase,2026-02-05T15:00:19,tablet,Delhi
824,user_134,view,2026-02-05T02:37:43,desktop,Delhi
825,user_10,click,2026-02-04T02:54:23,tablet,Delhi
826,user_29,purchase,2026-02-02T17:39:22,desktop,Pune
827,user_246,purchase,2026-02-06T01:14:54,tablet,Hyderabad
828,user_155,purchase,2026-02-01T05:18:39,desktop,Hyderabad
829,user_212,view,2026-02-07T00:26:28,desktop,Bangalore
830,user_63,purchase,2026-02-08T05:29:57,desktop,Delhi
831,user_225,view,2026-02-06T10:27:52,desktop,Delhi
832,user_80,logout,2026-02-02T12:41:28,mobile,Mumbai
833,user_299,click,2026-02-07T12:44:23,mobile,Bangalore
834,user_212,purchase,2026-02-03T21:39:55,mobile,Hyderabad
835,user_168,logout,2026-02-05T11:46:50,mobile,Hyderabad
836,user_227,purchase,2026-02-05T16:43:53,desktop,Mumbai
837,user_16,click,2026-02-05T02:59:43,mobile,Bangalore
838,user_248,logout,2026-02-04T04:05:40,desktop,Hyderabad
839,user_78,add_to_cart,2026-02-01T20:21:36,desktop,Delhi
840,user_14,logout,2026-02-05T20:09:29,tablet,Pune
841,user_128,add_to_cart,2026-02-06T10:25:32,desktop,Bangalore
842,user_110,purchase,2026-02-07T11:20:46,tablet,Hyderabad
843,user_30,click,2026-02-01T23:31:48,tablet,Hyderabad
844,user_226,click,2026-02-04T23:29:21,mobile,Hyderabad
845,user_83,click,2026-02-05T13:04:36,mobile,Delhi
846,user_19,purchase,2026-02-03T05:21:59,mobile,Mumbai
847,user_117,logout,2026-02-08T19:25:38,desktop,Delhi
848,user_179,click,2026-02-06T02:40:24,desktop,Delhi
849,user_122,click,2026-02-07T11:37:31,tablet,Pune
850,user_115,add_to_cart,2026-02-05T06:14:39,tablet,Pune
851,user_193,click,2026-02-04T20:01:59,tablet,Mumbai
852,user_70,click,2026-02-08T04:33:41,desktop,Bangalore
853,user_99,view,2026-02-03T18:01:05,tablet,Hyderabad
854,user_20,add_to_cart,2026-02-05T07:26:19,desktop,Hyderabad
855,user_154,view,2026-02-06T12:29:58,tablet,Hyderabad
856,user_149,view,2026-02-04T12:43:57,desktop,Mumbai
857,user_35,click,2026-02-04T04:47:07,mobile,Delhi
858,user_134,logout,2026-02-02T11:42:12,mobile,Mumbai
859,user_287,add_to_cart,2026-02-08T22:01:28,tablet,Bangalore
860,user_282,click,2026-02-08T08:52:09,mobile,Delhi
861,user_192,add_to_cart,2026-02-07T12:36:30,desktop,Mumbai
862,user_296,click,2026-02-03T12:03:48,mobile,Delhi
863,user_297,purchase,2026-02-02T14:11:58,tablet,Bangalore
864,user_280,logout,2026-02-03T12:14:52,tablet,Hyderabad
865,user_296,logout,2026-02-08T23:28:29,tablet,Delhi
866,user_185,logout,2026-02-01T20:16:09,mobile,Delhi
867,user_288,add_to_cart,2026-02-05T10:11:08,desktop,Bangalore
868,user_251,click,2026-02-04T02:36:07,desktop,Bangalore
869,user_178,purchase,2026-02-05T20:15:30,desktop,Delhi
870,user_217,logout,2026-02-03T02:35:30,desktop,Hyderabad
871,user_259,purchase,2026-02-07T02:06:52,desktop,Delhi
872,user_191,add_to_cart,2026-02-08T03:00:49,desktop,Mumbai
873,user_227,click,2026-02-06T08:32:01,mobile,Pune
874,user_165,add_to_cart,2026-02-07T10:58:27,mobile,Hyderabad
875,user_122,logout,2026-02-06T03:18:49,mobile,Bangalore
876,user_95,view,2026-02-02T07:56:38,mobile,Mumbai
877,user_295,logout,2026-02-05T22:43:53,mobile,Delhi
878,user_176,click,2026-02-02T18:43:17,mobile,Mumbai
879,user_277,purchase,2026-02-04T13:16:34,mobile,Mumbai
880,user_227,click,2026-02-07T00:53:55,mobile,Hyderabad
881,user_105,add_to_cart,2026-02-02T18:43:15,desktop,Mumbai
882,user_76,add_to_cart,2026-02-03T04:19:45,mobile,Mumbai
883,user_146,logout,2026-02-05T03:57:13,tablet,Bangalore
884,user_81,click,2026-02-03T10:39:48,tablet,Mumbai
885,user_50,click,2026-02-05T04:07:33,desktop,Hyderabad
886,user_225,purchase,2026-02-02T02:22:28,desktop,Pune
887,user_152,add_to_cart,2026-02-07T02:47:57,desktop,Hyderabad
888,user_167,purchase,2026-02-07T15:44:39,mobile,Hyderabad
889,user_115,click,2026-02-04T09:35:25,mobile,Hyderabad
890,user_47,click,2026-02-03T13:59:05,mobile,Bangalore
891,user_101,logout,2026-02-07T07:44:08,tablet,Bangalore
892,user_169,purchase,2026-02-08T22:52:49,tablet,Bangalore
893,user_70,view,2026-02-02T10:54:04,mobile,Delhi
894,user_204,logout,2026-02-04T10:32:00,mobile,Mumbai
895,user_220,purchase,2026-02-03T18:01:30,tablet,Mumbai
896,user_128,logout,2026-02-08T23:28:15,tablet,Mumbai
897,user_35,purchase,2026-02-06T16:17:55,desktop,Hyderabad
898,user_33,logout,2026-02-01T21:35:00,desktop,Delhi
899,user_170,logout,2026-02-01T04:59:32,tablet,Delhi
900,user_82,view,2026-02-05T06:15:03,tablet,Pune
901,user_165,click,2026-02-03T03:17:13,desktop,Bangalore
902,user_48,view,2026-02-01T18:30:42,mobile,Mumbai
903,user_63,purchase,2026-02-06T09:19:06,desktop,Delhi
904,user_264,click,2026-02-02T12:59:05,mobile,Pune
905,user_112,purchase,2026-02-05T09:01:11,tablet,Pune
906,user_164,logout,2026-02-01T12:57:07,tablet,Bangalore
907,user_104,click,2026-02-06T11:58:33,mobile,Pune
908,user_280,add_to_cart,2026-02-06T03:36:02,desktop,Hyderabad
909,user_63,logout,2026-02-02T13:02:24,desktop,Pune
910,user_193,view,2026-02-07T09:09:17,mobile,Hyderabad
911,user_66,add_to_cart,2026-02-07T16:30:54,tablet,Mumbai
912,user_149,view,2026-02-03T20:41:17,mobile,Hyderabad
913,user_271,view,2026-02-02T00:26:51,desktop,Delhi
914,user_126,add_to_cart,2026-02-08T12:09:45,tablet,Mumbai
915,user_123,view,2026-02-06T05:13:43,desktop,Hyderabad
916,user_232,add_to_cart,2026-02-06T09:30:22,mobile,Bangalore
917,user_71,logout,2026-02-05T23:33:18,tablet,Pune
918,user_196,add_to_cart,2026-02-04T22:52:16,tablet,Mumbai
919,user_201,purchase,2026-02-07T07:59:09,tablet,Delhi
920,user_201,logout,2026-02-05T12:47:32,mobile,Pune
921,user_81,add_to_cart,2026-02-04T21:24:55,mobile,Delhi
922,user_2,view,2026-02-03T01:58:23,mobile,Pune
923,user_182,add_to_cart,2026-02-03T20:29:36,mobile,Mumbai
924,user_114,add_to_cart,2026-02-08T03:13:01,tablet,Pune
925,user_157,view,2026-02-08T05:48:39,mobile,Pune
926,user_9,click,2026-02-02T19:18:19,mobile,Delhi
927,user_40,view,2026-02-08T06:39:49,mobile,Mumbai
928,user_245,add_to_cart,2026-02-02T19:14:53,desktop,Pune
929,user_86,view,2026-02-06T18:34:05,mobile,Bangalore
930,user_77,add_to_cart,2026-02-05T07:42:37,tablet,Mumbai
931,user_25,click,2026-02-05T22:11:22,mobile,Bangalore
932,user_79,purchase,2026-02-04T17:02:36,mobile,Hyderabad
933,user_186,purchase,2026-02-08T09:55:59,desktop,Delhi
934,user_162,view,2026-02-06T00:25:54,tablet,Mumbai
935,user_163,click,2026-02-07T17:16:16,mobile,Pune
936,user_6,purchase,2026-02-08T11:00:39,tablet,Hyderabad
937,user_171,add_to_cart,2026-02-04T04:51:02,tablet,Delhi
938,user_35,purchase,2026-02-03T03:36:33,tablet,Bangalore
939,user_160,purchase,2026-02-05T22:14:07,mobile,Hyderabad
940,user_284,view,2026-02-05T10:38:43,desktop,Hyderabad
941,user_96,click,2026-02-08T17:48:24,mobile,Mumbai
942,user_84,purchase,2026-02-07T06:21:25,tablet,Pune
943,user_148,purchase,2026-02-02T19:18:03,mobile,Delhi
944,user_236,purchase,2026-02-07T20:18:21,tablet,Delhi
945,user_10,add_to_cart,2026-02-04T17:28:21,mobile,Hyderabad
946,user_128,view,2026-02-03T13:00:30,desktop,Hyderabad
947,user_287,view,2026-02-03T21:46:46,desktop,Bangalore
948,user_41,view,2026-02-01T04:11:50,desktop,Bangalore
949,user_59,add_to_cart,2026-02-07T12:23:31,mobile,Bangalore
950,user_218,view,2026-02-06T13:06:54,mobile,Mumbai
951,user_238,click,2026-02-06T13:22:54,desktop,Pune
952,user_100,logout,2026-02-08T05:26:30,tablet,Mumbai
953,user_237,logout,2026-02-04T23:54:37,mobile,Mumbai
954,user_76,view,2026-02-03T11:38:08,mobile,Delhi
955,user_108,click,2026-02-06T15:59:31,desktop,Mumbai
956,user_140,add_to_cart,2026-02-08T11:12:12,desktop,Hyderabad
957,user_53,logout,2026-02-06T22:36:52,mobile,Delhi
958,user_94,view,2026-02-04T15:56:42,desktop,Pune
959,user_191,logout,2026-02-06T21:46:10,tablet,Delhi
960,user_253,purchase,2026-02-02T00:31:20,desktop,Hyderabad
961,user_283,purchase,2026-02-01T02:44:28,desktop,Mumbai
962,user_148,purchase,2026-02-03T05:36:41,tablet,Mumbai
963,user_234,view,2026-02-04T08:11:54,tablet,Pune
964,user_145,click,2026-02-01T10:39:02,tablet,Hyderabad
965,user_251,logout,2026-02-06T13:34:24,mobile,Bangalore
966,user_76,logout,2026-02-08T04:45:05,tablet,Bangalore
967,user_11,logout,2026-02-01T05:32:01,desktop,Delhi
968,user_65,view,2026-02-03T15:14:17,tablet,Hyderabad
969,user_232,click,2026-02-01T02:24:09,desktop,Delhi
970,user_176,purchase,2026-02-01T13:54:40,mobile,Delhi
971,user_120,click,2026-02-03T06:41:02,tablet,Mumbai
972,user_240,purchase,2026-02-04T00:01:36,tablet,Pune
973,user_107,click,2026-02-07T19:24:14,tablet,Delhi
974,user_285,purchase,2026-02-08T03:55:55,mobile,Delhi
975,user_6,logout,2026-02-07T17:26:29,tablet,Mumbai
976,user_51,add_to_cart,2026-02-06T06:45:02,tablet,Hyderabad
977,user_134,add_to_cart,2026-02-06T00:55:52,mobile,Hyderabad
978,user_212,add_to_cart,2026-02-07T15:36:50,tablet,Mumbai
979,user_262,click,2026-02-06T22:46:54,desktop,Bangalore
980,user_286,add_to_cart,2026-02-06T13:23:23,mobile,Delhi
981,user_150,add_to_cart,2026-02-04T03:09:24,mobile,Delhi
982,user_284,add_to_cart,2026-02-05T16:57:39,desktop,Hyderabad
983,user_268,purchase,2026-02-03T20:13:48,mobile,Hyderabad
984,user_9,add_to_cart,2026-02-05T14:38:57,desktop,Delhi
985,user_8,click,2026-02-04T11:31:30,desktop,Hyderabad
986,user_262,purchase,2026-02-06T05:20:55,tablet,Hyderabad
987,user_169,view,2026-02-03T09:59:28,desktop,Delhi
988,user_230,add_to_cart,2026-02-02T08:03:35,tablet,Bangalore
989,user_184,add_to_cart,2026-02-01T21:49:52,desktop,Delhi
990,user_192,purchase,2026-02-07T23:23:53,mobile,Bangalore
991,user_57,add_to_cart,2026-02-05T00:31:58,desktop,Bangalore
992,user_138,view,2026-02-02T01:50:09,mobile,Delhi
993,user_126,logout,2026-02-01T01:53:12,mobile,Bangalore
994,user_40,purchase,2026-02-02T19:00:56,tablet,Hyderabad
995,user_11,click,2026-02-08T05:53:40,mobile,Bangalore
996,user_136,click,2026-02-04T10:39:28,tablet,Pune
997,user_2,logout,2026-02-04T23:10:36,desktop,Bangalore
998,user_211,logout,2026-02-01T05:17:32,mobile,Delhi
999,user_7,view,2026-02-02T15:10:02,tablet,Mumbai
1000,user_292,logout,2026-02-04T16:04:11,desktop,Mumbai
